Pair production,511,0,1.798,0.002,annihilation radiation
11-Na-22,1274.537,0.003,0.9994,0.00014,None
11-Na-24,1368.626,0.005,0.999935,0.000005,None
11-Na-24,2754.007,0.011,0.99872,0.00008,None
19-K-40,1460.822,0.006,0.1066,0.0013,None
21-Sc-46,889.271,0.002,0.999833,0.000005,None
21-Sc-46,1120.537,0.003,0.99986,0.00036,None
24-Cr-51,320.0835,0.0004,0.0987,0.0005,None
25-Mn-54,834.838,0.005,0.999746,0.000011,None
25-Mn-56,846.7638,0.0019,0.9885,0.0003,None
25-Mn-56,1810.726,0.004,0.269,0.004,None
25-Mn-56,2113.092,0.006,0.142,0.003,None
25-Mn-56,2523.06,0.05,0.0102,0.0002,None
26-Fe-59,142.651,0.002,0.00972,0.00015,None
26-Fe-59,192.349,0.005,0.0292,0.0003,None
26-Fe-59,1099.245,0.003,0.5659,0.0021,None
26-Fe-59,1291.59,0.006,0.4321,0.0025,None
27-Co-56,846.7638,0.0019,0.999399,0.000023,None
27-Co-56,977.363,0.004,0.01422,0.00007,None
27-Co-56,1037.8333,0.0024,0.1403,0.0005,None
27-Co-56,1175.0878,0.0022,0.02249,0.00009,None
27-Co-56,1238.2736,0.0022,0.6641,0.0016,None
27-Co-56,1360.196,0.004,0.0428,0.00013,None
27-Co-56,1771.327,0.003,0.1545,0.0004,None
27-Co-56,2015.176,0.005,0.03017,0.00014,None
27-Co-56,2034.752,0.005,0.07741,0.00013,None
27-Co-56,2598.438,0.004,0.1696,0.0004,None
27-Co-56,3009.559,0.004,0.01038,0.00019,None
27-Co-56,3201.93,0.011,0.03203,0.00013,None
27-Co-56,3253.402,0.005,0.0787,0.0003,None
27-Co-56,3272.978,0.006,0.01855,0.00009,None
27-Co-56,3451.119,0.004,0.00942,0.00006,None
27-Co-57,14.41295,0.00031,0.0915,0.0017,None
27-Co-57,122.06065,0.00012,0.8551,0.0006,None
27-Co-57,136.47356,0.00029,0.1071,0.0015,None
27-Co-58,511,0,0.3,0.004,annihilation radiation
27-Co-58,810.759,0.002,0.9945,0.0001,None
27-Co-60,1173.228,0.003,0.9985,0.0003,None
27-Co-60,1332.492,0.004,0.999826,0.000006,None
29-Cu-64,511,0,0.3572,0.0028,annihilation radiation
29-Cu-64,1345.77,0.16,0.00475,0.0001,None
30-Zn-65,511,0,0.0284,0.0004,annihilation radiation
30-Zn-65,1115.539,0.002,0.506,0.0022,None
31-Ga-66,833.5324,0.0021,0.059,0.005,None
31-Ga-66,1039.22,0.003,0.37,0.03,None
31-Ga-66,1333.112,0.005,0.0117,0.0009,None
31-Ga-66,1418.754,0.005,0.0061,0.0005,None
31-Ga-66,1508.158,0.007,0.0055,0.0004,None
31-Ga-66,1898.823,0.008,0.0039,0.0003,None
31-Ga-66,1918.329,0.005,0.0199,0.0016,None
31-Ga-66,2189.616,0.006,0.053,0.004,None
31-Ga-66,2422.525,0.007,0.0188,0.0015,None
31-Ga-66,2751.835,0.005,0.227,0.018,None
31-Ga-66,3228.8,0.006,0.0151,0.0012,None
31-Ga-66,3380.85,0.006,0.0146,0.0012,None
31-Ga-66,3422.04,0.008,0.0086,0.0007,None
31-Ga-66,3791.004,0.008,0.0109,0.0009,None
31-Ga-66,4085.853,0.009,0.0127,0.001,None
31-Ga-66,4295.187,0.01,0.038,0.003,None
31-Ga-66,4461.202,0.009,0.0084,0.0007,None
31-Ga-66,4806.007,0.009,0.0186,0.0015,None
31-Ga-67,91.265,0.005,0.0307,0.0011,None
31-Ga-67,93.31,0.005,0.378,0.009,None
31-Ga-67,184.576,0.01,0.209,0.007,None
31-Ga-67,208.95,0.01,0.0237,0.0008,None
31-Ga-67,300.217,0.01,0.168,0.006,None
31-Ga-67,393.527,0.01,0.0466,0.0016,None
31-Ga-68,511,0,1.7828,0.0022,annihilation radiation
31-Ga-68,1077.34,0.05,0.0322,0.0003,None
34-Se-75,66.0518,0.0008,0.01112,0.00012,None
34-Se-75,96.734,0.0009,0.0342,0.0003,None
34-Se-75,121.1155,0.0011,0.172,0.003,None
34-Se-75,136.0001,0.0006,0.582,0.007,None
34-Se-75,198.606,0.0012,0.0148,0.0004,None
34-Se-75,264.6576,0.0009,0.589,0.003,None
34-Se-75,279.5422,0.001,0.2499,0.0013,None
34-Se-75,303.9236,0.001,0.01316,0.00008,None
34-Se-75,400.6572,0.0008,0.1147,0.0009,None
36-Kr-85,513.997,0.005,0.00435,0.0001,None
38-Sr-85,514.0048,0.0022,0.985,0.004,None
39-Y-88,898.036,0.004,0.939,0.0023,None
39-Y-88,1836.052,0.013,0.9938,0.0003,None
19-K-40,1460.822,0.006,10.66,0.13,None
41-Nb-93m,30.77,0.02,(5.59,0.16) 10-6,None
41-Nb-94,702.639,0.004,0.99815,0.00006,None
41-Nb-94,871.114,0.003,0.99892,0.00003,None
41-Nb-95,765.803,0.006,0.99808,0.00007,None
42-Mo-99/43-Tc-99m,40.58323,0.00017,0.01022,0.00027,None
42-Mo-99/43-Tc-99m,140.511,0.001,0.896,0.017,None
42-Mo-99/43-Tc-99m,181.094,0.002,0.0601,0.0011,None
42-Mo-99/43-Tc-99m,366.421,0.015,0.01194,0.00023,None
42-Mo-99/43-Tc-99m,739.5,0.017,0.1212,0.0015,None
42-Mo-99/43-Tc-99m,777.921,0.02,0.0428,0.0008,None
43-Tc-99m,140.511,0.001,0.885,0.002,None
43-Tc-99m,142.683,0.001,0.00023,0.00002,None
44-Ru-103,39.76,0.01,0.00071,0.00003,None
44-Ru-103,53.275,0.01,0.00384,0.00006,None
44-Ru-103,294.98,0.02,0.00289,0.00006,None
44-Ru-103,443.8,0.02,0.00344,0.00003,None
44-Ru-103,497.08,0.02,0.9131,0.0007,None
44-Ru-103,557.04,0.02,0.00855,0.00005,None
44-Ru-103,610.33,0.02,0.0578,0.0003,None
44-Ru-106/45-Rh 106,511.8534,0.0023,0.205,0.0021,None
44-Ru-106/45-Rh-106,616.22,0.09,0.00724,0.00013,None
44-Ru-106/45-Rh-106,621.93,0.06,0.0986,0.0011,None
44-Ru-106/45-Rh-106,873.49,0.05,0.00435,0.00008,None
44-Ru-106/45-Rh-106,1050.41,0.06,0.01488,0.00022,None
44-Ru-106/45-Rh-106,1128.07,0.05,0.00399,0.00006,None
47-Ag-110m,446.812,0.003,0.0365,0.0005,with 110Ag
47-Ag-110m,620.3553,0.0017,0.0272,0.0008,with 110Ag
47-Ag-110m,657.76,0.0011,0.9438,0.0008,with 110Ag
47-Ag-110m,677.6217,0.0012,0.1056,0.0006,with 110Ag
47-Ag-110m,687.0091,0.0018,0.0645,0.0003,with 110Ag
47-Ag-110m,706.676,0.0015,0.1648,0.0008,with 110Ag
47-Ag-110m,744.2755,0.0018,0.0471,0.0003,with 110Ag
47-Ag-110m,763.9424,0.0017,0.2231,0.0009,with 110Ag
47-Ag-110m,818.0244,0.0018,0.0733,0.0004,with 110Ag
47-Ag-110m,884.6781,0.0013,0.74,0.012,with 110Ag
47-Ag-110m,934.483,0.003,0.3451,0.0027,with 110Ag
47-Ag-110m,1384.2931,0.002,0.247,0.005,with 110Ag
47-Ag-110m,1475.7792,0.0023,0.0403,0.0005,with 110Ag
47-Ag-110m,1505.028,0.002,0.1316,0.0016,with 110Ag
47-Ag-110m,1562.294,0.018,0.0121,0.0003,with 110Ag
48-Cd-109,88.0336,0.0011,0.03626,0.0002,None
49-In-111,171.28,0.03,0.9066,0.0025,None
49-In-111,245.35,0.04,0.9409,0.0006,None
50-Sn-113,255.134,0.01,0.00211,0.00008,None
50-Sn-113,391.698,0.003,0.6494,0.0017,None
51-Sb-125,176.314,0.002,0.0682,0.0007,None
51-Sb-125,380.452,0.008,0.0152,0.00015,None
51-Sb-125,427.874,0.004,0.2955,0.0024,None
51-Sb-125,463.365,0.004,0.1048,0.0009,None
51-Sb-125,600.597,0.002,0.1776,0.0018,None
51-Sb-125,606.713,0.003,0.0502,0.0005,None
51-Sb-125,635.95,0.003,0.1132,0.001,None
51-Sb-125,671.441,0.006,0.01783,0.00016,None
52-Te-123m,158.97,0.05,0.8399,0.0008,None
53-I-123,158.97,0.05,0.8325,0.0021,None
53-I-123,528.96,0.05,0.0132,0.0008,None
53-I-125,35.4919,0.0005,0.0667,0.0017,None
53-I-129,39.578,0.004,0.0742,0.0008,None
53-I-131,80.185,0.0019,0.02607,0.00027,None
53-I-131,284.305,0.005,0.0606,0.0006,None
53-I-131,364.489,0.005,0.812,0.008,None
53-I-131,636.989,0.004,0.0726,0.0008,None
53-I-131,722.911,0.005,0.01796,0.0002,None
55-Cs-134,563.243,0.003,0.0837,0.0003,None
55-Cs-134,569.327,0.003,0.1538,0.0004,None
55-Cs-134,604.72,0.003,0.9765,0.00018,None
55-Cs-134,795.83,0.03,0.855,0.003,None
55-Cs-134,801.945,0.004,0.087,0.0003,None
55-Cs-134,1365.186,0.004,0.03017,0.00012,None
55-Cs-137,661.657,0.003,0.8499,0.002,None
56-Ba-133,53.1622,0.0006,0.0214,0.0003,None
56-Ba-133,79.6142,0.0012,0.0265,0.0005,None
56-Ba-133,80.9979,0.0011,0.329,0.003,None
56-Ba-133,276.3989,0.0012,0.0716,0.0005,None
56-Ba-133,302.8508,0.0005,0.1834,0.0013,None
56-Ba-133,356.0129,0.0007,0.6205,0.0019,None
56-Ba-133,383.8485,0.0012,0.0894,0.0006,None
58-Ce-139,165.8575,0.0011,0.799,0.0004,None
58-Ce-141,145.4433,0.0014,0.4829,0.002,None
58-Ce-144/59-Pr-144,33.568,0.01,0.00235,0.00012,144Ce
58-Ce-144/59-Pr-144,40.98,0.1,0.0041,0.0025,144Ce
58-Ce-144/59-Pr-144,80.12,0.05,0.0152,0.001,144Ce
58-Ce-144/59-Pr-144,133.515,0.004,0.1109,0.0016,144Ce
58-Ce-144/59-Pr-144,696.505,0.004,0.01342,0.00014,144Pr - per 144Ce decay
58-Ce-144/59-Pr-144,1489.148,0.003,0.00296,0.00005,145Pr - per 144Ce decay
58-Ce-144/59-Pr-144,2185.645,0.005,0.0068,0.00018,146Pr - per 144Ce decay
62-Sm-153,69.67301,0.00018,0.0473,0.0003,None
62-Sm-153,83.36716,0.00017,0.00192,0.00007,None
62-Sm-153,89.48593,0.00021,0.00158,0.00015,None
62-Sm-153,97.43095,0.00017,0.00772,0.00018,None
62-Sm-153,103.18007,0.00013,0.293,0.003,None
62-Sm-153,172.85295,0.00021,0.000737,0.00002,None
63-Eu-152,121.7817,0.0003,0.2841,0.0013,? : gamma emissions arise from electron-capture decay mode
63-Eu-152,244.6974,0.0008,0.0755,0.0004,? : gamma emissions arise from electron-capture decay mode
63-Eu-152,344.2785,0.0012,0.2658,0.0012,?- : gamma emissions arise from ? decay mode
63-Eu-152,411.1165,0.0012,0.02237,0.0001,?- : gamma emissions arise from ? decay mode
63-Eu-152,443.965,0.003,0.03125,0.00014,? : gamma emissions arise from electron-capture decay mode
63-Eu-152,778.9045,0.0024,0.1296,0.0006,?- : gamma emissions arise from ? decay mode
63-Eu-152,867.38,0.003,0.04241,0.00023,? : gamma emissions arise from electron-capture decay mode
63-Eu-152,964.072,0.018,0.1462,0.0006,? : gamma emissions arise from electron-capture decay mode
63-Eu-152,1085.837,0.01,0.1013,0.0006,? : gamma emissions arise from electron-capture decay mode
63-Eu-152,1089.737,0.005,0.01731,0.0001,?- : gamma emissions arise from ? decay mode
63-Eu-152,1112.076,0.003,0.134,0.0006,? : gamma emissions arise from electron-capture decay mode
63-Eu-152,1212.948,0.011,0.01415,0.00009,? : gamma emissions arise from electron-capture decay mode
63-Eu-152,1299.142,0.008,0.01632,0.00009,?- : gamma emissions arise from ? decay mode
63-Eu-152,1408.013,0.003,0.2085,0.0009,? : gamma emissions arise from electron-capture decay mode
63-Eu-154,123.0706,0.0009,0.404,0.005,None
63-Eu-154,247.9288,0.0007,0.0689,0.0007,None
63-Eu-154,591.755,0.003,0.0495,0.0005,None
63-Eu-154,692.4205,0.0018,0.0179,0.0003,None
63-Eu-154,723.3014,0.0022,0.2005,0.0021,None
63-Eu-154,756.802,0.0023,0.0453,0.0005,None
63-Eu-154,873.1834,0.0023,0.1217,0.0012,None
63-Eu-154,996.262,0.006,0.105,0.001,None
63-Eu-154,1004.725,0.007,0.1785,0.0017,None
63-Eu-154,1246.121,0.004,0.00862,0.00008,None
63-Eu-154,1274.429,0.004,0.349,0.003,None
63-Eu-154,1596.4804,0.0028,0.01783,0.00017,None
63-Eu-155,26.531,0.021,0.00316,0.00022,None
63-Eu-155,45.299,0.001,0.0131,0.0005,None
63-Eu-155,60.0086,0.001,0.0122,0.0005,None
63-Eu-155,86.0591,0.001,0.00154,0.00017,None
63-Eu-155,86.5479,0.001,0.307,0.003,None
63-Eu-155,105.3083,0.001,0.211,0.006,None
67-Ho-166,80.576,0.002,0.0655,0.0008,None
67-Ho-166,1379.437,0.006,0.00933,0.00016,None
67-Ho-166,1581.833,0.007,0.00186,0.00004,None
67-Ho-166,1662.439,0.006,0.00118,0.00005,None
67-Ho-166m,80.5725,0.0013,0.1266,0.0023,None
67-Ho-166m,184.4107,0.0011,0.725,0.005,None
67-Ho-166m,215.871,0.007,0.0266,0.0017,None
67-Ho-166m,259.736,0.01,0.01078,0.0001,None
67-Ho-166m,280.463,0.0023,0.2954,0.0025,None
67-Ho-166m,300.741,0.003,0.0373,0.0004,None
67-Ho-166m,365.768,0.006,0.0246,0.0004,None
67-Ho-166m,410.956,0.003,0.1135,0.0018,None
67-Ho-166m,451.54,0.004,0.02915,0.00014,None
67-Ho-166m,464.798,0.006,0.0125,0.0004,None
67-Ho-166m,529.825,0.004,0.094,0.004,None
67-Ho-166m,570.995,0.005,0.0543,0.002,None
67-Ho-166m,611.579,0.006,0.0131,0.0021,None
67-Ho-166m,670.526,0.004,0.0534,0.0021,None
67-Ho-166m,691.253,0.007,0.0132,0.0007,None
67-Ho-166m,711.697,0.003,0.549,0.012,None
67-Ho-166m,752.28,0.004,0.122,0.003,None
67-Ho-166m,810.286,0.004,0.573,0.011,None
67-Ho-166m,830.565,0.004,0.0972,0.0018,None
67-Ho-166m,950.988,0.004,0.02744,0.00019,None
69-Tm-170,78.59,0.02,0.000034,0.000003,None
69-Tm-170,84.25474,0.00008,0.0248,0.0009,None
70-Yb-169,63.12044,0.00004,0.4405,0.0024,None
70-Yb-169,93.61447,0.00008,0.02571,0.00017,None
70-Yb-169,109.77924,0.00004,0.1736,0.0009,None
70-Yb-169,118.1894,0.00014,0.0187,0.0001,None
70-Yb-169,130.52293,0.00006,0.1138,0.0005,None
70-Yb-169,177.21307,0.00006,0.2232,0.001,None
70-Yb-169,197.95675,0.00007,0.3593,0.0012,None
70-Yb-169,261.07712,0.00009,0.01687,0.00008,None
70-Yb-169,307.73586,0.0001,0.10046,0.00045,None
77-Ir-192,205.7943,0.00009,0.0334,0.0004,None
77-Ir-192,295.9565,0.00015,0.2872,0.0014,None
77-Ir-192,308.45507,0.00017,0.2968,0.0015,None
77-Ir-192,316.50618,0.00017,0.8275,0.0021,None
77-Ir-192,468.06885,0.00026,0.4781,0.0024,None
77-Ir-192,484.5751,0.0004,0.03189,0.00024,None
77-Ir-192,588.581,0.0007,0.04517,0.00022,None
77-Ir-192,604.41105,0.00025,0.082,0.0004,None
77-Ir-192,612.46215,0.00026,0.0534,0.0008,None
79-Au-198,411.80205,0.00017,0.9554,0.0007,None
79-Au-198,675.8836,0.0007,0.00806,0.00007,None
79-Au-198,1087.6842,0.0007,0.00159,0.00003,None
80-Hg-203,279.1952,0.001,0.8148,0.0008,None
81-Tl-201,135.312,0.034,0.02604,0.00022,None
81-Tl-201,167.45,0.03,0.1,0.001,None
81-Tl-208,277.37,0.03,0.0237,0.0011,per 228Th decay - 228Th decay chain
81-Tl-208,583.187,0.002,0.3055,0.0017,per 228Th decay - 228Th decay chain
81-Tl-208,860.56,0.03,0.0448,0.0004,per 228Th decay - 228Th decay chain
81-Tl-208,2614.511,0.01,0.3585,0.0007,per 228Th decay - 228Th decay chain
82-Pb-211,404.853,0.01,3.78,0.06,None
82-Pb-211,427.088,0.01,1.76,0.04,None
82-Pb-211,704.64,0.03,0.46,0.01,None
82-Pb-211,766.51,0.03,0.62,0.02,None
82-Pb-211,832.01,0.03,3.52,0.06,None
82-Pb-212,115.183,0.005,0.00623,0.00022,228Th decay chain
82-Pb-212,238.632,0.002,0.436,0.003,228Th decay chain
82-Pb-212,300.09,0.01,0.0318,0.0013,228Th decay chain
82-Pb-214,53.2275,0.0021,0.01066,0.00014,226Ra decay chain
82-Pb-214,241.997,0.003,0.0719,0.0006,226Ra decay chain
82-Pb-214,295.224,0.002,0.1828,0.0014,226Ra decay chain
82-Pb-214,351.932,0.002,0.3534,0.0027,226Ra decay chain
83-Bi-207,569.698,0.002,0.9776,0.0003,None
83-Bi-207,1063.656,0.003,0.7458,0.0049,None
83-Bi-207,1770.228,0.009,0.0687,0.0003,None
83-Bi-212,727.33,0.01,0.0674,0.0012,228Th decay chain
83-Bi-212,785.37,0.09,0.0111,0.0001,228Th decay chain
83-Bi-212,1078.63,0.11,0.55,0.02,None
83-Bi-212,1620.74,0.01,0.0151,0.0003,228th decay chain
83-Bi-214,609.316,0.003,0.4516,0.0033,226Ra decay chain
83-Bi-214,665.453,0.022,0.01521,0.00011,226Ra decay chain
83-Bi-214,768.367,0.011,0.0485,0.00038,226Ra decay chain
83-Bi-214,806.185,0.011,0.01255,0.00011,226Ra decay chain
83-Bi-214,934.061,0.012,0.03074,0.00025,226Ra decay chain
83-Bi-214,1120.287,0.01,0.1478,0.0011,226Ra decay chain
83-Bi-214,1155.19,0.02,0.01624,0.00014,226Ra decay chain
83-Bi-214,1238.11,0.012,0.05785,0.00045,226Ra decay chain
83-Bi-214,1280.96,0.02,0.01425,0.00012,226Ra decay chain
83-Bi-214,1377.669,0.012,0.03954,0.00033,226Ra decay chain
83-Bi-214,1401.516,0.014,0.01324,0.00011,226Ra decay chain
83-Bi-214,1407.993,0.007,0.02369,0.00019,226Ra decay chain
83-Bi-214,1509.217,0.008,0.02108,0.00021,226Ra decay chain
83-Bi-214,1661.316,0.013,0.01037,0.0001,226Ra decay chain
83-Bi-214,1729.64,0.012,0.02817,0.00023,226Ra decay chain
83-Bi-214,1764.539,0.015,0.1517,0.0012,226Ra decay chain
83-Bi-214,1847.42,0.025,0.02,0.00018,226Ra decay chain
83-Bi-214,2118.536,0.008,0.01148,0.00011,226Ra decay chain
83-Bi-214,2204.071,0.021,0.0489,0.001,226Ra decay chain
83-Bi-214,2447.673,0.01,0.01536,0.00015,226Ra decay chain
86-Rn-220,549.76,0.04,0.00115,0.00015,228Th decay chain
88-Ra-224,240.986,0.006,0.0412,0.0004,228Th decay chain
88-Ra-226,186.211,0.013,0.03533,0.00028,226Ra decay chain
90-Th-228,84.373,0.003,0.0117,0.0005,228Th decay chain
90-Th-228,131.612,0.004,0.00124,0.00006,228Th decay chain
90-Th-228,215.985,0.004,0.00226,0.0002,228Th decay chain
90-Th-228,166.41,0.004,0.094,0.007,None
90-Th-232,63.81,0.01,0.263,0.013,None
90-Th-232,140.88,0.01,0.021,0.004,None
90-Th-234,63.29,0.02,3.7,0.06,None
90-Th-234,92.38,0.01,2.62,0.06,None
90-Th-234,92.8,0.02,2.59,0.06,None
90-Th-234,112.81,0.05,0.244,0.015,None
91-Pa-234m,258.24,0.07,0.000726,0.000009,daughter of 234Th (238U)
91-Pa-234m,742.814,0.022,0.00096,0.00003,daughter of 234Th (238U)
91-Pa-234m,766.358,0.02,0.00318,0.00005,daughter of 234Th (238U)
91-Pa-234m,786.272,0.022,0.00054,0.00001,daughter of 234Th (238U)
91-Pa-234m,1001.025,0.022,0.00832,0.0001,daughter of 234Th (238U)
92-U-234,53.2,0.02,0.1253,0.004,None
92-U-234,120.9,0.04,0.0386,0.0032,None
92-U-238,49.55,0.06,0.0697,0.0026,None
92-U-238,113.5,0.1,0.0174,0.0047,None
95-Am-241,26.3446,0.0002,0.024,0.0003,None
95-Am-241,33.1963,0.0003,0.00121,0.00003,None
95-Am-241,59.5409,0.0001,0.3578,0.0009,None
95-Am-243,43.53,0.02,0.0589,0.001,None
95-Am-243,74.66,0.02,0.672,0.012,None
95-Am-241,59.5409,0.0001,0.3578,0.0009,None
95-Am-243,43.53,0.02,0.0589,0.001,None
95-Am-243,74.66,0.02,0.672,0.012,None
34-Se-75 As L,1.28,0,0.0206,0.0007,None
21-Sc-46 Ti K,4.51,0,0.000047,0.000002,None
26-Fe-55 Mn K$\alpha$2,5.8877,0,0.0845,0.0014,None
26-Fe-55 Mn K$\alpha$1,5.8988,0,0.1656,0.0027,None
25-Mn-54 Cr K$\beta$,5.947,0,0.000305,0.000007,None
27-Co-57 Fe K$\alpha$2,6.39084,0,0.168,0.003,None
27-Co-56 Fe K$\alpha$2,6.39091,0.00005,0.0753,0.001,None
27-Co-58 Fe K$\alpha$,6.4,0,0.235,0.003,None
27-Co-57 Fe K$\alpha$1,6.40384,0,0.332,0.005,None
27-Co-56 Fe K$\alpha$1,6.40391,0.00003,0.1475,0.0017,None
26-Fe-59 Co K$\alpha$,6.92,0,0.000177,0.000003,None
27-Co-58 Fe K$\beta$,7.06,0,0.032,0.001,None
31-Ga-66 Zn K$\alpha$2,8.61587,0.00005,0.058,0.003,None
31-Ga-67 Zn K$\alpha$2,8.61587,0.00005,0.17,0.006,None
31-Ga-68 Zn K$\alpha$2,8.61587,0.00005,0.01389,0.00007,None
31-Ga-66 Zn K$\alpha$1,8.63896,0.00005,0.113,0.006,None
31-Ga-67 Zn K$\alpha$1,8.63896,0.00005,0.33,0.011,None
31-Ga-68 Zn K$\alpha$1,8.63896,0.00005,0.02701,0.00024,None
90-Th-228 Tl Ll,8.953,0,0.00169,0.00009,None
34-Se-75 As K$\alpha$2,10.508,0,0.1659,0.0023,None
34-Se-75 As K$\alpha$1,10.5437,0,0.322,0.004,None
90-Th-228 Ra Ll,10.622,0,0.00166,0.00009,None
95-Am-243 Np Ll,11.871,0,0.00445,0.00014,None
95-Am-241 Np Ll,11.89,0.02,0.00848,0.0001,None
38-Sr-85 Rb K$\alpha$2,13.3359,0.0002,0.1716,0.0017,None
36-Kr-85 Te K$\alpha$,13.356,0,0.0000158,0.0000028,None
38-Sr-85 Rb K$\alpha$1,13.3955,0.0001,0.3304,0.0029,None
95-Am-241 Np L$\alpha$,13.9,0.02,0.1303,0.001,None
39-Y-88 Sr K$\alpha$2,14.098,0.0001,0.173,0.0022,None
39-Y-88 Sr K$\alpha$1,14.1652,0.0002,0.332,0.004,None
39-Y-88 Sr K$\beta$'1,15.8359,0.0004,0.0821,0.0012,None
95-Am-243 Np L$\eta$,15.861,0,0.00126,0.00004,None
39-Y-88 Sr K$\beta$'2,16.0847,0.0006,0.0107,0.0004,None
41-Nb-93m Nb K$\alpha$2,16.5213,0,0.0316,0.0007,None
41-Nb-93m Nb K$\alpha$1,16.6152,0,0.0604,0.0012,None
41-Nb-95 Mo K$\alpha$2,17.374,0,0.000286,0.000009,None
41-Nb-95 Mo K$\alpha$1,17.479,0,0.000546,0.000017,None
95-Am-241 Np L$\beta$ $\eta$,17.81,0.02,0.1886,0.0015,None
42-Mo-99/43-Tc-99m Tc K$\alpha$2,18.251,0,0.0319,0.0009,None
43-Tc-99m Tc K$\alpha$2,18.251,0,0.0222,0.0007,None
42-Mo-99/43-Tc-99m Tc K$\alpha$1,18.3672,0,0.0606,0.0016,None
43-Tc-99m Tc K$\alpha$1,18.3672,0,0.0421,0.0012,None
41-Nb-93m Nb K$\beta$'1,18.618,0,0.0156,0.0005,None
41-Nb-93m Nb K$\beta$'2,18.953,0,0.0023,0.0001,None
44-Ru-103 Rh K$\alpha$2,20.074,0,0.0248,0.0015,None
44-Ru-103 Rh K$\alpha$1,20.216,0,0.047,0.003,None
95-Am-241 Np L$\gamma$,20.82,0.02,0.0481,0.0004,None
47-Ag-110m Ag K$\alpha$2,21.9906,0,0.00198,0.00012,None
48-Cd-109 Ag K$\alpha$2,21.9906,0.0002,0.2899,0.0025,None
47-Ag-110m Ag K$\alpha$1,22.1632,0,0.00372,0.00022,None
48-Cd-109 Ag K$\alpha$1,22.1632,0.0001,0.547,0.004,None
47-Ag-110m Cd K$\alpha$2,22.9843,0,0.00153,0.00009,None
49-In-111 Cd K$\alpha$2,22.9843,0,0.236,0.002,None
47-Ag-110m Cd K$\alpha$1,23.1738,0,0.00288,0.00016,None
49-In-111 Cd K$\alpha$1,23.1738,0,0.444,0.003,None
50-Sn-113 In K$\alpha$2,24.002,0,0.2785,0.0022,None
50-Sn-113 In K$\alpha$1,24.2097,0,0.522,0.004,None
51-Sb-125 Te K$\alpha$2,27.202,0.0002,0.191,0.007,None
52-Te-123m Te K$\alpha$2,27.202,0,0.14,0.005,None
53-I-123 Te K$\alpha$2,27.202,0,0.2469,0.002,None
53-I-125 Te K$\alpha$2,27.202,0.0002,0.397,0.006,None
51-Sb-125 Te K$\alpha$1,27.4726,0.0002,0.357,0.012,None
52-Te-123m Te K$\alpha$1,27.4726,0,0.26,0.009,None
53-I-123 Te K$\alpha$1,27.4726,0,0.4598,0.0029,None
53-I-125 Te K$\alpha$1,27.4726,0.0002,0.74,0.011,None
53-I-129 Xe K$\alpha$2,29.459,0.002,0.201,0.003,None
53-I-131 Xe K$\alpha$,29.7,0,0.044,0.014,None
53-I-129 Xe K$\alpha$1,29.779,0.001,0.372,0.006,None
56-Ba-133 Cs K$\alpha$2,30.625,0,0.34,0.004,None
56-Ba-133 Cs K$\alpha$1,30.973,0,0.628,0.007,None
55-Cs-137 Ba K$\alpha$2,31.8174,0,0.0195,0.0004,None
55-Cs-137 Ba K$\alpha$1,32.1939,0,0.0359,0.0007,None
58-Ce-139 La K$\alpha$2,33.0344,0.0002,0.225,0.003,None
58-Ce-139 La K$\alpha$1,33.4421,0.0001,0.412,0.004,None
58-Ce-141 Pr K$\alpha$2,35.5506,0.0002,0.0474,0.0011,None
58-Ce-144/59-Pr-144 Pr K$\alpha$2,35.5506,0.0003,0.0256,0.0011,None
58-Ce-141 Pr K$\alpha$1,36.0267,0.0002,0.0865,0.0012,None
58-Ce-144/59-Pr-144 Pr K$\alpha$1,36.0267,0.0004,0.0469,0.0019,None
63-Eu-152 Sm K$\alpha$2,39.5229,0,0.208,0.003,None
63-Eu-152 Sm K$\alpha$1,40.1186,0,0.377,0.005,None
62-Sm-153 Eu K$\alpha$2,40.9024,0,0.163,0.003,None
62-Sm-153 Eu K$\alpha$1,41.5427,0,0.293,0.004,None
63-Eu-154 Gd K$\alpha$2,42.3093,0,0.072,0.002,None
63-Eu-155 Gd K$\alpha$2,42.3093,0,0.067,0.0013,None
63-Eu-154 Gd K$\alpha$1,42.9967,0,0.13,0.003,None
63-Eu-155 Gd K$\alpha$1,42.9967,0,0.1205,0.0023,None
67-Ho-166 Er K$\alpha$2,48.2215,0.0003,0.0291,0.001,None
67-Ho-166m Er K$\alpha$2,48.2215,0.0003,0.1071,0.0018,None
67-Ho-166 Er K$\alpha$1,49.1282,0.0004,0.0516,0.0017,None
67-Ho-166m Er K$\alpha$1,49.1282,0.0004,0.19,0.003,None
70-Yb-169 Tm K$\alpha$2,49.773,0,0.529,0.008,None
70-Yb-169 Tm K$\alpha$1,50.742,0,0.935,0.013,None
69-Tm-170 Yb K$\alpha$2,51.3541,0,0.0095,0.0004,None
69-Tm-170 Yb K$\alpha$1,52.3887,0,0.0167,0.0007,None
77-Ir-192 Os K$\alpha$2,61.4873,0.0007,0.01211,0.00025,None
77-Ir-192 Os K$\alpha$1,63.0011,0.0006,0.0209,0.0005,None
77-Ir-192 Pt K$\alpha$2,65.123,0.004,0.0266,0.0005,None
77-Ir-192 Pt K$\alpha$1,66.833,0.002,0.0455,0.0008,None
79-Au-198 Hg K$\alpha$2,68.8952,0.0012,0.00809,0.00008,None
81-Tl-201 Hg K$\alpha$2,68.8952,0.0011,0.273,0.005,None
79-Au-198 Hg K$\alpha$1,70.8196,0.0012,0.01372,0.00012,None
81-Tl-201 Hg K$\alpha$1,70.8196,0.0012,0.464,0.007,None
80-Hg-203 Tl K$\alpha$2,70.8325,0.0008,0.0375,0.0004,None
90-Th-228 Pb K$\alpha$2,72.8049,0.0008,0.0077,0.0002,None
83-Bi-207 Pb K$\alpha$2,72.805,0,0.2169,0.0024,None
80-Hg-203 Tl K$\alpha$1,72.8725,0.0008,0.0633,0.0006,None
90-Th-228 Bi K$\alpha$2,74.8157,0.0009,0.107,0.003,None
83-Bi-207 Pb K$\alpha$1,74.97,0,0.365,0.004,None
90-Th-228 Pb K$\alpha$1,74.97,0.0009,0.013,0.0003,None
90-Th-228 Bi K$\alpha$1,77.1088,0.001,0.179,0.005,None
26-Fe-55 Mn L,0.6385,0.0825,0.0066,0.001,None
27-Co-57 Fe L,0.7,0.09,0.0155,0.0013,None
31-Ga-67 Zn L,0.9955,0.1115,0.0182,0.0012,None
38-Sr-85 Rb L,1.89,0.31,0.0255,0.0007,None
39-Y-88 Sr L,1.9,0.3,0.0277,0.0008,None
41-Nb-93m Nb L,2.28,0.38,0.0289,0.0013,None
90-Th-228 Tl L$\alpha$,10.22,0.048,0.0326,0.0017,None
90-Th-228 Tl L$\beta$ $\eta$,11.8185,0.8245,0.0272,0.0015,None
34-Se-75 As K$\beta$,11.79,0.07,0.0764,0.0012,None
90-Th-228 Ra L$\alpha$,12.2675,0.0715,0.0286,0.0015,None
90-Th-228 Ra L$\beta$ $\eta$,14.5545,0.8925,0.047,0.003,None
95-Am-243 Np L$\alpha$,13.8535,0.0925,0.0705,0.002,None
90-Th-228 Tl L$\gamma$,14.5145,0.2235,0.005,0.0002,None
38-Sr-85 Rb K$\beta$'1,15.02,0.07,0.0804,0.001,None
38-Sr-85 Rb K$\beta$'2,15.2,0.01,0.0093,0.0004,None
95-Am-243 Np L$\beta$,17.0505,0.9415,0.0818,0.0016,None
90-Th-228 Ra L$\gamma$,18.13,0.282,0.0102,0.0006,None
41-Nb-95 Mo K$\beta$'1,19.68,0.09,0.000143,0.000005,None
41-Nb-95 Mo K$\beta$'2,19.98,0.02,0.000022,0.0000011,None
41-Nb-95 Mo L,2.42,0.41,0.000055,0.000009,None
44-Ru-103 Rh L,2.87,0.49,0.0412,0.0019,None
42-Mo-99/43-Tc-99m Tc L,2.4805,0.0565,0.00697,0.00017,None
43-Tc-99m Tc L,2.4805,0.0565,0.00482,0.00012,None
48-Cd-109 Ag L,3.19,0.56,0.1034,0.0026,None
49-In-111 Cd L,3.355,0.595,0.068,0.002,None
50-Sn-113 In L,3.565,0.665,0.086,0.003,None
19-K-40 Ar K,3.075,0.115,0.00997,0.00022,None
42-Mo-99/43-Tc-99m Tc K$\beta$'1,20.695,0.095,0.0161,0.0005,None
43-Tc-99m Tc K$\beta$'1,20.695,0.095,0.0112,0.0004,None
95-Am-243 Np L$\gamma$,21.1375,0.3535,0.0197,0.0004,None
42-Mo-99/43-Tc-99m Tc K$\beta$'2,21.02,0.02,0.00254,0.00011,None
43-Tc-99m Tc K$\beta$'2,21.02,0.02,0.00177,0.00008,None
44-Ru-103 Rh K$\beta$'1,22.805,0.106,0.0128,0.0008,None
44-Ru-103 Rh K$\beta$'2,23.1945,0.0225,0.00212,0.00015,None
47-Ag-110m Ag K$\beta$'1,25.029,0.117,0.00103,0.00007,None
48-Cd-109 Ag K$\beta$'1,25.029,0.117,0.1514,0.0018,None
47-Ag-110m Ag K$\beta$'2,25.4845,0.0275,0.000179,0.000012,None
48-Cd-109 Ag K$\beta$'2,25.4845,0.0275,0.0263,0.001,None
47-Ag-110m Cd K$\beta$'1,26.1825,0.1215,0.0008,0.00005,None
49-In-111 Cd K$\beta$'1,26.1825,0.1215,0.124,0.004,None
47-Ag-110m Cd K$\beta$'2,26.67,0.03,0.000146,0.000009,None
49-In-111 Cd K$\beta$'2,26.67,0.03,0.023,0.001,None
50-Sn-113 In K$\beta$'1,27.3685,0.1305,0.146,0.0012,None
50-Sn-113 In K$\beta$'2,27.9005,0.0395,0.0284,0.0002,None
52-Te-123m Te L,4.135,0.795,0.0826,0.0021,None
53-I-123 Te L,4.135,0.795,0.0772,0.0016,None
53-I-125 Te L,4.135,0.795,0.149,0.007,None
53-I-129 Xe L,4.5,0.9,0.079,0.004,None
56-Ba-133 Cs L,4.75,0.95,0.16,0.008,None
55-Cs-137 Ba L,4.9635,1.0095,0.009,0.0005,None
51-Sb-125 Te K$\beta$'1,31.0905,0.1455,0.102,0.004,None
52-Te-123m Te K$\beta$'1,31.093,0.148,0.0743,0.0026,None
53-I-123 Te K$\beta$'1,31.093,0.148,0.1316,0.0017,None
53-I-125 Te K$\beta$'1,31.093,0.148,0.212,0.004,None
51-Sb-125 Te K$\beta$'2,31.7375,0.0365,0.0221,0.001,None
52-Te-123m Te K$\beta$'2,31.7565,0.0555,0.0161,0.0007,None
53-I-123 Te K$\beta$'2,31.7565,0.0555,0.0386,0.0008,None
53-I-125 Te K$\beta$'2,31.7565,0.0555,0.0459,0.0014,None
53-I-129 Xe K$\beta$'1,33.72,0.16,0.103,0.004,None
53-I-131 Xe K$\beta$,34.055,0.495,0.01025,0.00011,None
53-I-129 Xe K$\beta$'2,34.48,0.07,0.023,0.0013,None
56-Ba-133 Cs K$\beta$'1,35.09,0.17,0.182,0.002,None
56-Ba-133 Cs K$\beta$'2,35.895,0.075,0.046,0.001,None
55-Cs-137 Ba K$\beta$'1,36.49,0.18,0.01055,0.00022,None
55-Cs-137 Ba K$\beta$'2,37.345,0.085,0.00266,0.00008,None
58-Ce-139 La K$\beta$'1,37.908,0.187,0.123,0.0018,None
58-Ce-139 La K$\beta$'2,38.82,0.09,0.0311,0.0006,None
58-Ce-139 La L,5.188,1.064,0.12,0.006,None
58-Ce-141 Pr L,5.63,1.18,0.0243,0.001,None
58-Ce-144/59-Pr-144 Pr L,5.63,1.18,0.0142,0.0014,None
24-Cr-51 V K$\alpha$,4.945,0.005,0.202,0.003,None
58-Ce-141 Pr K$\beta$'1,40.85,0.2,0.0263,0.0005,None
58-Ce-144/59-Pr-144 Pr K$\beta$'1,40.85,0.2,0.0141,0.0006,None
58-Ce-141 Pr K$\beta$'2,41.87,0.1,0.00674,0.00018,None
58-Ce-144/59-Pr-144 Pr K$\beta$'2,41.87,0.1,0.0036,0.00015,None
63-Eu-152 Sm K$\beta$'1,45.51,0.221,0.1178,0.0019,None
63-Eu-152 Sm K$\beta$'2,46.694,0.119,0.0304,0.0008,None
62-Sm-153 Eu K$\beta$'1,47.585,0.685,0.092,0.0014,None
62-Sm-153 Eu K$\beta$'2,48.445,0.055,0.0236,0.0011,None
63-Eu-154 Gd K$\beta$'1,48.8045,0.2485,0.041,0.001,None
63-Eu-155 Gd K$\beta$'1,48.8045,0.2485,0.0384,0.0011,None
63-Eu-154 Gd K$\beta$'2,50.09,0.129,0.0108,0.0003,None
63-Eu-155 Gd K$\beta$'2,50.09,0.129,0.0098,0.0003,None
62-Sm-153 Eu L,6.605,1.425,0.1004,0.0015,None
63-Eu-154 Gd L,6.73,1.37,0.071,0.003,None
63-Eu-155 Gd L,6.73,1.37,0.075,0.005,None
25-Mn-54 Cr K$\alpha$,5.41,0.005,0.00227,0.00003,None
24-Cr-51 V K$\beta$,5.445,0.015,0.0269,0.0007,None
63-Eu-152 Sm L,6.395,0.785,0.13,0.004,None
67-Ho-166 Er K$\beta$'1,55.77,0.27,0.0168,0.0006,None
67-Ho-166m Er K$\beta$'1,55.77,0.27,0.0617,0.0012,None
67-Ho-166 Er K$\beta$'2,57.335,0.125,0.00436,0.00018,None
67-Ho-166m Er K$\beta$'2,57.335,0.125,0.0161,0.0005,None
70-Yb-169 Tm K$\beta$'1,57.6145,0.3105,0.306,0.006,None
70-Yb-169 Tm K$\beta$'2,59.2285,0.1285,0.0795,0.0021,None
69-Tm-170 Yb K$\beta$'1,59.4819,0.3226,0.0055,0.0003,None
67-Ho-166 Er L,7.79,1.64,0.076,0.004,None
67-Ho-166m Er L,7.79,1.64,0.201,0.009,None
70-Yb-169 Tm L,8.06,1.72,0.494,0.008,None
26-Fe-55 Mn K$\beta$'1,6.515,0.025,0.034,0.0007,None
69-Tm-170 Yb L,8.345,1.795,0.0322,0.0013,None
69-Tm-170 Yb K$\beta$'2,61.1355,0.1735,0.00144,0.00007,None
27-Co-56 Fe K$\beta$'1,7.083,0.025,0.0305,0.0005,None
27-Co-57 Fe K$\beta$'1,7.083,0.025,0.071,0.002,None
27-Co-60 Ni K$\alpha$,7.47,0.01,0.000098,0.000003,None
29-Cu-64 Ni K$\alpha$,7.47,0.01,0.1415,0.0017,None
77-Ir-192 Os K$\beta$'1,71.4865,0.4085,0.0071,0.00021,None
77-Ir-192 Os K$\beta$'2,73.5975,0.2105,0.0018,0.00006,None
77-Ir-192 Pt K$\beta$'1,75.8015,0.4325,0.0158,0.0003,None
77-Ir-192 Pt K$\beta$'2,78.0635,0.2775,0.00411,0.0001,None
79-Au-198 Hg K$\beta$'1,80.29,0.47,0.00466,0.00008,None
81-Tl-201 Hg K$\beta$'1,80.29,0.47,0.157,0.004,None
30-Zn-65 Cu K$\alpha$,8.04,0.01,0.347,0.003,None
27-Co-60 Ni K$\beta$,8.295,0.035,0.0000136,0.0000005,None
29-Cu-64 Ni K$\beta$,8.295,0.035,0.0195,0.0004,None
79-Au-198 Hg L,11.785,3.065,0.012,0.0005,None
81-Tl-201 Hg L,11.785,3.065,0.427,0.018,None
30-Zn-65 Cu K$\beta$,8.94,0.04,0.0482,0.0007,None
80-Hg-203 Tl L,11.8455,2.8925,0.0543,0.0009,None
80-Hg-203 Tl K$\beta$'1,82.6165,0.4985,0.0215,0.0004,None
79-Au-198 Hg K$\beta$'2,82.73,0.3,0.00136,0.00004,None
81-Tl-201 Hg K$\beta$'2,82.73,0.3,0.0461,0.0013,None
83-Bi-207 Pb K$\beta$'1,84.9605,0.5095,0.1246,0.0023,None
90-Th-228 Pb K$\beta$'1,84.9605,0.5095,0.0044,0.0002,None
80-Hg-203 Tl K$\beta$'2,85.184,0.346,0.0064,0.0002,None
90-Th-228 Bi K$\beta$'1,87.3485,0.5135,0.0612,0.002,None
83-Bi-207 Pb K$\beta$'2,87.6205,0.3825,0.0376,0.001,None
90-Th-228 Pb K$\beta$'2,87.6205,0.3825,0.00134,0.00005,None
90-Th-228 Bi K$\beta$'2,90.127,0.395,0.0187,0.0007,None
83-Bi-207 Pb L,12.51,3.33,0.332,0.014,None
90-Th-228 Pb L,12.2,3.016,0.0104,0.0002,None
77-Ir-192 Pt L,11.6,2.2,0.0396,0.0006,None
90-Th-228 Bi L,12.5645,3.1445,0.145,0.004,None
31-Ga-66 Zn K$\beta$'1,9.61,0.04,0.0242,0.0012,None
31-Ga-67 Zn K$\beta$'1,9.61,0.04,0.0709,0.002,None
